"path","bytes","lines"
"backend/src/app.module.ts","2273","69"
"backend/src/common/decorators/api-paginated-response.decorator.ts","805","29"
"backend/src/common/decorators/current-user.decorator.ts","422","12"
"backend/src/common/decorators/public.decorator.ts","260","7"
"backend/src/common/decorators/roles.decorator.ts","194","4"
"backend/src/common/dto/pagination.dto.ts","1072","52"
"backend/src/common/filters/http-exception.filter.ts","1312","41"
"backend/src/common/guards/jwt-auth.guard.ts","669","21"
"backend/src/common/guards/roles.guard.ts","941","27"
"backend/src/common/interceptors/transform.interceptor.ts","722","32"
"backend/src/main.ts","2783","79"
"backend/src/modules/auth/auth.controller.ts","2081","47"
"backend/src/modules/auth/auth.module.ts","755","23"
"backend/src/modules/auth/auth.service.ts","3920","131"
"backend/src/modules/auth/dto/login.dto.ts","322","11"
"backend/src/modules/auth/dto/refresh-token.dto.ts","251","8"
"backend/src/modules/auth/dto/token-response.dto.ts","509","22"
"backend/src/modules/auth/strategies/jwt.strategy.ts","716","22"
"backend/src/modules/branches/branches.controller.ts","1522","41"
"backend/src/modules/branches/branches.module.ts","299","9"
"backend/src/modules/branches/branches.service.ts","2963","90"
"backend/src/modules/branches/dto/create-branch.dto.ts","572","19"
"backend/src/modules/branches/dto/update-branch.dto.ts","172","3"
"backend/src/modules/categories/categories.controller.ts","1782","44"
"backend/src/modules/categories/categories.module.ts","315","9"
"backend/src/modules/categories/categories.service.ts","1528","52"
"backend/src/modules/categories/dto/create-category.dto.ts","481","15"
"backend/src/modules/categories/dto/update-category.dto.ts","180","3"
"backend/src/modules/customers/customers.controller.ts","2947","66"
"backend/src/modules/customers/customers.module.ts","307","9"
"backend/src/modules/customers/customers.service.ts","5539","176"
"backend/src/modules/customers/dto/create-customer.dto.ts","639","17"
"backend/src/modules/customers/dto/query-customer.dto.ts","364","9"
"backend/src/modules/customers/dto/update-customer.dto.ts","180","3"
"backend/src/modules/finance/dto/create-cash-flow.dto.ts","901","28"
"backend/src/modules/finance/dto/query-cash-flow.dto.ts","797","22"
"backend/src/modules/finance/finance.controller.ts","1741","42"
"backend/src/modules/finance/finance.module.ts","291","9"
"backend/src/modules/finance/finance.service.ts","2687","83"
"backend/src/modules/hr/controllers/announcement.controller.ts","1676","39"
"backend/src/modules/hr/controllers/attendance.controller.ts","1839","42"
"backend/src/modules/hr/controllers/salary.controller.ts","1721","41"
"backend/src/modules/hr/controllers/schedule.controller.ts","2087","51"
"backend/src/modules/hr/dto/check-in.dto.ts","261","8"
"backend/src/modules/hr/dto/create-announcement.dto.ts","274","12"
"backend/src/modules/hr/dto/create-salary-slip.dto.ts","635","30"
"backend/src/modules/hr/dto/create-schedule.dto.ts","455","22"
"backend/src/modules/hr/dto/query-attendance.dto.ts","559","21"
"backend/src/modules/hr/dto/query-salary.dto.ts","701","25"
"backend/src/modules/hr/dto/query-schedule.dto.ts","557","21"
"backend/src/modules/hr/hr.module.ts","972","30"
"backend/src/modules/hr/services/announcement.service.ts","1261","41"
"backend/src/modules/hr/services/attendance.service.ts","3263","112"
"backend/src/modules/hr/services/salary.service.ts","2381","75"
"backend/src/modules/hr/services/schedule.service.ts","2911","89"
"backend/src/modules/inventory/dto/adjust-stock.dto.ts","416","18"
"backend/src/modules/inventory/dto/import-stock.dto.ts","731","29"
"backend/src/modules/inventory/dto/query-inventory.dto.ts","510","15"
"backend/src/modules/inventory/dto/query-ledger.dto.ts","728","26"
"backend/src/modules/inventory/dto/transfer-stock.dto.ts","478","21"
"backend/src/modules/inventory/inventory.controller.ts","2551","56"
"backend/src/modules/inventory/inventory.module.ts","307","9"
"backend/src/modules/inventory/inventory.service.ts","12329","308"
"backend/src/modules/pos/dto/checkout.dto.ts","638","16"
"backend/src/modules/pos/dto/create-order.dto.ts","1848","63"
"backend/src/modules/pos/dto/query-order.dto.ts","1089","30"
"backend/src/modules/pos/pos.controller.ts","2975","71"
"backend/src/modules/pos/pos.module.ts","473","15"
"backend/src/modules/pos/pos.service.ts","16976","448"
"backend/src/modules/pos/processors/inventory-alert.processor.ts","1297","37"
"backend/src/modules/products/dto/create-product.dto.ts","1323","40"
"backend/src/modules/products/dto/query-product.dto.ts","826","28"
"backend/src/modules/products/dto/update-product.dto.ts","176","3"
"backend/src/modules/products/products.controller.ts","2150","52"
"backend/src/modules/products/products.module.ts","299","9"
"backend/src/modules/products/products.service.ts","4656","155"
"backend/src/modules/promotions/dto/create-promotion.dto.ts","1227","36"
"backend/src/modules/promotions/dto/update-promotion.dto.ts","184","3"
"backend/src/modules/promotions/promotions.controller.ts","2043","52"
"backend/src/modules/promotions/promotions.module.ts","315","9"
"backend/src/modules/promotions/promotions.service.ts","3818","107"
"backend/src/modules/recipes/dto/create-recipe.dto.ts","986","28"
"backend/src/modules/recipes/dto/update-recipe.dto.ts","112","2"
"backend/src/modules/recipes/recipes.controller.ts","1402","34"
"backend/src/modules/recipes/recipes.module.ts","291","9"
"backend/src/modules/recipes/recipes.service.ts","2782","90"
"backend/src/modules/reports/dto/report-query.dto.ts","733","25"
"backend/src/modules/reports/reports.controller.ts","1920","45"
"backend/src/modules/reports/reports.module.ts","291","9"
"backend/src/modules/reports/reports.service.ts","8616","271"
"backend/src/modules/users/data-standardization.service.ts","1438","38"
"backend/src/modules/users/dto/create-user.dto.ts","918","27"
"backend/src/modules/users/dto/query-user.dto.ts","644","18"
"backend/src/modules/users/dto/update-user.dto.ts","431","10"
"backend/src/modules/users/users.controller.ts","1665","41"
"backend/src/modules/users/users.module.ts","275","9"
"backend/src/modules/users/users.service.ts","3791","140"
"backend/src/prisma/prisma.module.ts","210","8"
"backend/src/prisma/prisma.service.ts","772","32"
"frontend/src/app/accountant/page.tsx","15292","273"
"frontend/src/app/admin/components/admin-branches-tab.tsx","8469","143"
"frontend/src/app/admin/components/admin-cctv-center.tsx","4252","82"
"frontend/src/app/admin/components/admin-executive-dashboard.tsx","5315","88"
"frontend/src/app/admin/components/admin-menu-bom-tab.tsx","5911","143"
"frontend/src/app/admin/components/admin-role-hub.tsx","7516","160"
"frontend/src/app/admin/components/admin-users-tab.tsx","9795","171"
"frontend/src/app/admin/hr/page.tsx","4265","93"
"frontend/src/app/admin/inventory/page.tsx","5197","121"
"frontend/src/app/admin/layout.tsx","4386","98"
"frontend/src/app/admin/page.tsx","2753","56"
"frontend/src/app/admin/products/page.tsx","5448","129"
"frontend/src/app/customer/menu/page.tsx","17692","358"
"frontend/src/app/customer/page.tsx","31886","608"
"frontend/src/app/globals.css","2907","159"
"frontend/src/app/hr/page.tsx","249","10"
"frontend/src/app/kitchen/page.tsx","27487","532"
"frontend/src/app/layout.tsx","830","29"
"frontend/src/app/login/components/login-hero-panel.tsx","3723","68"
"frontend/src/app/login/page.tsx","5396","119"
"frontend/src/app/manager/components/manager-camera-monitor.tsx","11133","227"
"frontend/src/app/manager/components/manager-checklist-tab.tsx","10003","190"
"frontend/src/app/manager/components/manager-excel-schedule.tsx","11647","233"
"frontend/src/app/manager/components/manager-header.tsx","4473","102"
"frontend/src/app/manager/components/manager-operations-tab.tsx","8736","157"
"frontend/src/app/manager/components/manager-staff-tab.tsx","9967","196"
"frontend/src/app/manager/components/manager-training-tab.tsx","9950","173"
"frontend/src/app/manager/components/schedule-types.ts","2415","73"
"frontend/src/app/manager/page.tsx","6010","124"
"frontend/src/app/order-history/page.tsx","27825","569"
"frontend/src/app/page.tsx","753","23"
"frontend/src/app/pos/page.tsx","58078","1144"
"frontend/src/app/protected-app.tsx","425","13"
"frontend/src/app/shift-close/page.tsx","21322","429"
"frontend/src/app/staff/page.tsx","68807","1210"
"frontend/src/app/warehouse/components/warehouse-dispatch-tab.tsx","7710","162"
"frontend/src/app/warehouse/components/warehouse-expiry-tab.tsx","6529","107"
"frontend/src/app/warehouse/components/warehouse-header.tsx","4222","90"
"frontend/src/app/warehouse/components/warehouse-receipts-tab.tsx","9683","145"
"frontend/src/app/warehouse/components/warehouse-stocktake-tab.tsx","5708","102"
"frontend/src/app/warehouse/components/warehouse-types.ts","1094","47"
"frontend/src/app/warehouse/page.tsx","5376","115"
"frontend/src/components/role-guard.tsx","3136","80"
"frontend/src/components/ui/badge.tsx","834","25"
"frontend/src/components/ui/button.tsx","1410","32"
"frontend/src/components/ui/card.tsx","1166","26"
"frontend/src/components/ui/input.tsx","734","16"
"frontend/src/components/ui/table.tsx","1952","40"
"frontend/src/lib/api.ts","2218","63"
"frontend/src/lib/auth-context.tsx","3580","96"
