Issue Type,Issue Id,Epic Name,Epic Link,Summary,Description,Priority,Story Points,Component,Sprint
Epic,EPIC-1,Core Foundation & Auth,,[EPIC] Core Foundation & Authentication System,"Xây dựng hạ tầng Database PostgreSQL, NestJS API Gateway, kiến trúc JWT và RBAC phân quyền chặt chẽ cho toàn hệ thống TeaP.",High,,Database;Backend,Sprint 1
Task,TEAP-101,,EPIC-1,Thiết kế Database Schema hoàn chỉnh với Prisma ORM,"Mô tả: Xây dựng toàn bộ schema dữ liệu: Users, Roles, Branches, Products, Recipes, Stock, Orders, HR, Finance.
Tiêu chí nghiệm thu (AC):
1. File schema.prisma đầy đủ quan hệ giữa các bảng.
2. Tạo migration prisma migrate dev chạy mượt mà không lỗi foreign key.
3. Seed dữ liệu mẫu cho đầy đủ 6 vai trò: Super Admin, Manager, Cashier, Warehouse, Accountant, HR.",High,5,Database;Backend,Sprint 1
Story,TEAP-102,,EPIC-1,Hệ thống xác thực JWT & Phân quyền RBAC Guard,"Mô tả: Là người dùng hệ thống, tôi cần đăng nhập bằng email/mật khẩu và nhận token chứa quyền hạn (roles) để truy cập đúng các trang được phép.
Tiêu chí nghiệm thu (AC):
1. API /auth/login trả về access token & refresh token.
2. Guard @Roles() chặn các truy cập trái phép với mã lỗi 403 Forbidden.
3. Frontend tự động điều hướng đúng trang theo role (ví dụ: Staff vào /staff, Manager vào /manager).",High,5,Backend;Security,Sprint 1
Epic,EPIC-2,POS & Kitchen Display,,[EPIC] POS Counter & Kitchen Display System (KDS),"Hệ thống bán hàng tại quầy chia tỷ lệ 5/5, thanh toán đa phương thức, kiểm két đóng ca và màn hình điều phối chế biến tại bếp/bar.",Highest,,Frontend;Backend,Sprint 1
Story,TEAP-201,,EPIC-2,Giao diện Bán hàng POS chia tỷ lệ 5/5 tối ưu trải nghiệm,"Mô tả: Là thu ngân, tôi cần giao diện bán hàng chia đôi 5/5 cân đối (50% danh mục/món, 50% giỏ hàng & thanh toán) để thao tác nhanh không bị che khuất.
Tiêu chí nghiệm thu (AC):
1. Màn hình phân cuộn dọc mượt mà cho danh sách sản phẩm.
2. Bấm vào sản phẩm mở tùy chọn chọn size, topping, đường/đá mà không bị nhảy cuộn trang.
3. Thao tác thêm/bớt/xóa món cập nhật ngay tổng tiền tạm tính.",High,8,Frontend,Sprint 1
Story,TEAP-202,,EPIC-2,Xử lý Đơn hàng & Thanh toán đa phương thức,"Mô tả: Là thu ngân, tôi muốn chọn hình thức thanh toán (Tiền mặt, QR Chuyển khoản, Tích điểm) và in hóa đơn cho khách.
Tiêu chí nghiệm thu (AC):
1. Tính chính xác tiền thừa trả lại cho khách khi nhập tiền mặt.
2. Hiển thị mã QR động theo đúng số tiền đơn hàng khi chọn chuyển khoản.
3. Lưu trạng thái đơn hàng thành COMPLETED và lưu lịch sử hóa đơn.",Highest,5,Frontend;Backend,Sprint 1
Story,TEAP-203,,EPIC-2,Màn hình Điều phối Bếp / Pha chế (KDS),"Mô tả: Là nhân viên pha chế, tôi muốn xem danh sách các đơn vừa order theo thời gian thực để tiến hành pha chế theo thứ tự.
Tiêu chí nghiệm thu (AC):
1. Đơn mới xuất hiện tức thì trên màn hình /kitchen.
2. Bấm nút chuyển trạng thái từ Chờ làm -> Đang pha chế -> Đã xong.
3. Đơn đã xong tự động chuyển sang trạng thái chờ giao khách.",High,5,Frontend;Backend,Sprint 2
Story,TEAP-204,,EPIC-2,Báo cáo Kết ca (Shift Close) và Kiểm kê két tiền,"Mô tả: Là thu ngân hết ca, tôi cần khai báo số tiền mặt thực tế trong két và đối soát với doanh thu hệ thống để bàn giao cho ca sau.
Tiêu chí nghiệm thu (AC):
1. Tính chênh lệch giữa tiền thực tế và tiền hệ thống ghi nhận.
2. Lưu biên bản kết ca vào CSDL và xuất phiếu in kết ca.",Medium,3,Frontend;Backend,Sprint 1
Epic,EPIC-3,Inventory & BOM Recipes,,[EPIC] Inventory Management & BOM Recipes Formula,"Quản lý định lượng nguyên vật liệu (BOM), tự động trừ kho qua Background Queue khi bán hàng, nhập/xuất kho và kiểm kê định kỳ.",High,,Backend;Warehouse,Sprint 2
Story,TEAP-301,,EPIC-3,Thiết lập Công thức Định lượng (Bill of Materials - BOM),"Mô tả: Là quản lý menu, tôi muốn cài đặt mỗi món (ví dụ Trà sữa Oolong L) gồm bao nhiêu ml cốt trà, gam sữa bột, ml nước đường và trân châu.
Tiêu chí nghiệm thu (AC):
1. Giao diện quản lý công thức cho phép thêm nhiều nguyên vật liệu với định lượng và đơn vị đo chuẩn (ml, g).
2. Validate công thức không được để trống số lượng hoặc nguyên liệu trùng lặp.",High,5,Backend;Frontend,Sprint 2
Task,TEAP-302,,EPIC-3,Xử lý trừ kho tự động qua Queue khi POS bán hàng,"Mô tả: Khi có đơn hàng POS hoàn thành, hệ thống tự động đưa sự kiện vào Redis Queue để trừ kho nguyên liệu theo BOM.
Tiêu chí nghiệm thu (AC):
1. Áp dụng Bull Queue / Background processor để trừ kho bất đồng bộ, không làm đơ POS.
2. Tạo bản ghi biến động trong bảng StockLedger (ghi rõ lý do: Bán hàng đơn #ID).
3. Gửi cảnh báo về giao diện quản lý nếu tồn kho xuống dưới mức an toàn.",Highest,8,Backend;Queue,Sprint 2
Story,TEAP-303,,EPIC-3,Nghiệp vụ Nhập - Xuất - Chuyển kho & Kiểm kê,"Mô tả: Là nhân viên kho, tôi cần tạo phiếu nhập nguyên liệu từ nhà cung cấp, chuyển kho giữa các chi nhánh và tạo phiếu kiểm kê định kỳ.
Tiêu chí nghiệm thu (AC):
1. Phiếu nhập tự động cộng tồn kho và cập nhật giá vốn trung bình.
2. Kiểm kê (Stocktake) hiển thị chênh lệch thừa/thiếu giữa sổ sách và thực tế.
3. Cảnh báo các lô hàng sắp hết hạn sử dụng (Expiry tracking).",High,5,Warehouse;Frontend,Sprint 2
Epic,EPIC-4,Store Manager Operations,,[EPIC] Store Manager Portal & Daily Operations,"Cổng quản lý cửa hàng: Xếp ca Excel, theo dõi KPI, chuyên cần, nội quy nhân sự, đào tạo bậc C-B-A, checklist mở/đóng ca và rà soát hóa đơn.",High,,Frontend;Operations,Sprint 2
Story,TEAP-401,,EPIC-4,Bảng phân bổ Lịch làm việc Excel trực quan,"Mô tả: Là Quản lý cửa hàng, tôi muốn xem và xếp ca làm việc cho nhân sự của riêng cửa hàng mình theo dạng lưới Excel 7 ngày trong tuần.
Tiêu chí nghiệm thu (AC):
1. Hiển thị lưới thứ 2 đến Chủ nhật với các ca: Sáng, Chiều, Tối.
2. Gán vị trí cho từng nhân sự trong ca (Pha chế chính, Thu ngân, Đọc bill...).
3. Cho phép copy lịch tuần trước sang tuần này và xuất dữ liệu ra file Excel.",High,8,Frontend;HR,Sprint 2
Story,TEAP-402,,EPIC-4,Quản lý Nhân sự tại điểm, Điểm KPI, Chuyên cần & Vi phạm,"Mô tả: Là Quản lý cửa hàng, tôi cần theo dõi danh sách nhân viên của cửa hàng, chấm điểm KPI, theo dõi giờ đi trễ và ghi nhận biên bản vi phạm nội quy.
Tiêu chí nghiệm thu (AC):
1. Chỉ hiển thị nhân viên thuộc chi nhánh mà Manager đó quản lý (multi-tenant branch scope).
2. Ghi nhận điểm chuyên cần (dựa trên dữ liệu chấm công) và điểm đánh giá thái độ.",High,5,Frontend;HR,Sprint 2
Story,TEAP-403,,EPIC-4,Quản lý Lộ trình Đào tạo & Bài test nâng bậc C - B - A,"Mô tả: Là Quản lý cửa hàng, tôi muốn phân loại nhân sự mới (Hội nhập, Thử việc) và theo dõi lộ trình bài test thi tay nghề thăng bậc C -> B -> A.
Tiêu chí nghiệm thu (AC):
1. Hiển thị danh sách nhân sự thử việc và tiến độ hoàn thành các học phần hội nhập.
2. Lưu kết quả thi lý thuyết pha chế và đánh giá thực hành của Quản lý.",Medium,5,Frontend;HR,Sprint 2
Story,TEAP-404,,EPIC-4,Checklist Vận hành hàng ngày & Soát Bill POS,"Mô tả: Là Quản lý, tôi cần kiểm tra danh sách checklist vệ sinh an toàn, máy móc và có công cụ tra cứu lại hóa đơn POS để giải quyết khiếu nại khách hàng.
Tiêu chí nghiệm thu (AC):
1. Checklist chia theo các khung giờ: Đầu ca (vệ sinh, kiểm tra tủ lạnh), Đóng ca (tắt điện, rửa máy).
2. Công cụ tra cứu bill POS cho phép tìm theo mã bill, giờ bán và xem chi tiết danh sách món để xử lý nếu có món bị sót.",Medium,5,Frontend;Operations,Sprint 2
Epic,EPIC-5,Staff Self-Service Portal,,[EPIC] Staff Self-Service Portal,"Cổng nhân viên tối giản: Xem lịch làm, chấm công điện tử, bảng lương cá nhân, hồ sơ nhân sự và nhận thông báo điều hành.",High,,Frontend;HR,Sprint 1
Story,TEAP-501,,EPIC-5,Trang tổng quan & Xem Lịch làm việc cá nhân,"Mô tả: Là nhân viên, tôi muốn vào tài khoản của mình thấy ngay ca làm việc hôm nay và toàn bộ lịch làm trong tuần đã được Quản lý duyệt.
Tiêu chí nghiệm thu (AC):
1. Giao diện đơn giản, thân thiện trên điện thoại di động.
2. Hiển thị rõ giờ bắt đầu, giờ kết thúc, vị trí phân công (Ví dụ: Pha chế chính - Ca chiều).",High,3,Frontend;MobileFriendly,Sprint 1
Story,TEAP-502,,EPIC-5,Chấm công điện tử & Bảng công tháng,"Mô tả: Là nhân viên, tôi cần bấm nút Check-in khi tới quán và Check-out khi hết ca làm để hệ thống tự động ghi nhận giờ công.
Tiêu chí nghiệm thu (AC):
1. Chặn bấm check-in nếu chưa tới ca hoặc đã hết ca.
2. Tổng hợp tổng số công chuẩn, số giờ làm thêm (OT) trong tháng.",High,5,Frontend;Backend,Sprint 1
Story,TEAP-503,,EPIC-5,Tra cứu Bảng lương, Hồ sơ cá nhân & Thông báo nội bộ,"Mô tả: Là nhân viên, tôi có thể xem thông tin hợp đồng, tra cứu chi tiết phiếu lương hàng tháng và đọc các thông báo, chỉ đạo từ cấp trên.
Tiêu chí nghiệm thu (AC):
1. Phiếu lương bảo mật, hiển thị lương cơ bản, phụ cấp, thưởng KPI và các khoản khấu trừ.
2. Bảng tin thông báo đánh dấu trạng thái Đã đọc.",Medium,3,Frontend;Backend,Sprint 1
Epic,EPIC-6,Customer Portal & Loyalty,,[EPIC] Customer Portal & Loyalty Kiosk,"Cổng Kiosk tự phục vụ: Đặt món tại quầy/bàn, xem menu trực quan phân nhóm, tích điểm thành viên và voucher ưu đãi.",Medium,,CustomerPortal;Frontend,Sprint 3
Story,TEAP-601,,EPIC-6,Menu điện tử & Đặt món tại Kiosk,"Mô tả: Là khách hàng, tôi có thể tự xem menu hình ảnh bắt mắt, chọn mức đường đá, topping và tạo đơn hàng tại màn hình Kiosk tự phục vụ.
Tiêu chí nghiệm thu (AC):
1. Phân nhóm danh mục rõ ràng (Trà sữa, Trà trái cây, Cà phê).
2. Đồng bộ tồn kho: Món nào hết nguyên liệu sẽ tự động ẩn hoặc báo Tạm hết món.",Medium,5,Frontend;UI,Sprint 3
Story,TEAP-602,,EPIC-6,Tra cứu thành viên & Tích điểm đổi quà,"Mô tả: Là khách hàng thân thiết, tôi nhập số điện thoại để tra cứu hạng thẻ (Bạc, Vàng, Kim Cương), số điểm hiện có và dùng điểm trừ tiền trực tiếp trên đơn.
Tiêu chí nghiệm thu (AC):
1. Tích lũy điểm tự động theo tỷ lệ (ví dụ: 10,000đ = 1 điểm).
2. Cho phép quy đổi điểm thưởng sang voucher giảm giá hoặc quà tặng.",Medium,3,CustomerPortal;Backend,Sprint 3
Epic,EPIC-7,Central Admin & Executive ERP,,[EPIC] Central Admin & Executive ERP,"Dashboard tổng bộ P&L, quản lý chi nhánh, phân quyền RoleHub, danh mục menu tập trung và giám sát CCTV trung tâm.",High,,Admin;Reporting,Sprint 3
Story,TEAP-701,,EPIC-7,Dashboard Báo cáo Doanh thu & Dòng tiền Toàn chuỗi,"Mô tả: Là Chủ chuỗi / Ban điều hành, tôi cần xem biểu đồ doanh thu theo thời gian thực, chi nhánh có doanh số cao nhất và dòng tiền thu/chi lãi lỗ.
Tiêu chí nghiệm thu (AC):
1. Biểu đồ trực quan hóa dữ liệu theo ngày/tuần/tháng/quý.
2. So sánh hiệu quả kinh doanh giữa các chi nhánh khác nhau.
3. Xuất báo cáo tài chính ra file Excel / PDF.",High,8,Admin;Finance,Sprint 3
Story,TEAP-702,,EPIC-7,Quản lý Chi nhánh, Phân quyền Phức hợp (RoleHub) & Camera CCTV,"Mô tả: Là Super Admin, tôi muốn thêm mới chi nhánh cửa hàng, phân bổ tài khoản quản lý và giám sát luồng camera trung tâm của các cửa hàng.
Tiêu chí nghiệm thu (AC):
1. Thêm/sửa/khóa chi nhánh và thiết lập thông tin máy in bill, két tiền.
2. Cấp phát và thu hồi quyền hạn chi tiết cho từng nhóm nhân viên qua RoleHub.
3. Màn hình CCTV giám sát trạng thái kết nối camera các điểm.",High,5,Admin;Security,Sprint 3
Task,TEAP-703,,EPIC-7,Kiểm thử tự động End-to-End & Tối ưu hóa hiệu năng,"Mô tả: Thực hiện kiểm thử toàn bộ luồng nghiệp vụ từ POS -> Kho BOM -> Bếp -> Kế toán, kiểm tra tải và bảo mật API.
Tiêu chí nghiệm thu (AC):
1. Viết bộ test E2E kiểm tra toàn bộ luồng tạo đơn và trừ kho.
2. Kiểm tra tải API chịu được 500 req/s với thời gian phản hồi dưới 200ms.",Medium,5,QA;Testing,Sprint 3
